order_id,customer_id,order_date,status,priority,payment_method
25263,1599,2026-02-01,Received,High,In-App Wallet
25264,1057,2026-02-10,Received,High,In-App Wallet
25265,1876,2026-02-18,Received,High,In-App Wallet
25266,1286,2026-01-24,Received,High,In-App Wallet
25267,386,2026-01-22,Received,High,In-App Wallet
25268,452,2026-01-20,Received,High,In-App Wallet
25269,161,2026-02-14,Received,High,In-App Wallet
25270,1626,2026-02-04,Received,High,In-App Wallet
25271,877,2026-02-06,Received,High,In-App Wallet
25272,1376,2026-02-19,Received,High,In-App Wallet
25273,264,2026-02-06,Received,High,In-App Wallet
25274,567,2026-02-12,Received,High,In-App Wallet
25275,1440,2026-02-16,Received,High,In-App Wallet
25276,241,2026-02-09,Received,High,In-App Wallet
25277,409,2026-01-27,Received,High,In-App Wallet
25278,1623,2026-01-07,Received,High,In-App Wallet
25279,44,2026-02-01,Received,High,In-App Wallet
25280,1948,2026-02-10,Received,High,In-App Wallet
25281,1796,2026-02-02,Received,High,In-App Wallet
25282,1235,2026-02-03,Received,High,In-App Wallet
25283,1614,2026-02-10,Received,High,In-App Wallet
25284,1264,2026-01-18,Received,High,In-App Wallet
25285,9,2026-02-18,Received,High,In-App Wallet
25286,746,2026-02-04,Received,High,In-App Wallet
25287,1585,2026-01-09,Received,High,In-App Wallet
25288,546,2026-02-17,Received,High,In-App Wallet
25289,1429,2026-02-04,Received,High,In-App Wallet
25290,881,2026-02-20,Received,High,In-App Wallet
25291,1006,2026-01-18,Received,High,In-App Wallet
25292,1111,2026-01-26,Received,High,In-App Wallet
25293,775,2026-02-10,Received,High,In-App Wallet
25294,193,2026-01-31,Received,High,In-App Wallet
25295,1842,2026-01-29,Received,High,In-App Wallet
25296,1955,2026-01-25,Received,High,In-App Wallet
25297,955,2026-01-22,Received,High,In-App Wallet
25298,1418,2026-02-19,Received,High,In-App Wallet
25299,1722,2026-02-01,Received,High,In-App Wallet
25300,596,2026-01-09,Received,High,In-App Wallet
25301,1893,2026-01-28,Received,High,In-App Wallet
25302,1580,2026-01-18,Received,High,In-App Wallet
25303,1064,2026-01-27,Received,High,In-App Wallet
25304,865,2026-02-04,Received,High,In-App Wallet
25305,1176,2026-01-19,Received,High,In-App Wallet
25306,819,2026-02-02,Received,High,In-App Wallet
25307,866,2026-01-10,Received,High,In-App Wallet
25308,265,2026-02-17,Received,High,In-App Wallet
25309,377,2026-01-31,Received,High,In-App Wallet
25310,1178,2026-02-15,Received,High,In-App Wallet
25311,720,2026-02-06,Received,High,In-App Wallet
25312,1642,2026-02-09,Received,High,In-App Wallet
25313,150,2026-02-14,Received,High,In-App Wallet
25314,1617,2026-02-07,Received,High,In-App Wallet
25315,1788,2026-01-12,Received,High,In-App Wallet
25316,981,2026-01-06,Received,High,In-App Wallet
25317,135,2026-02-14,Received,High,In-App Wallet
25318,1840,2026-01-31,Received,High,In-App Wallet
25319,1945,2026-02-13,Received,High,In-App Wallet
25320,1496,2026-02-08,Received,High,In-App Wallet
25321,1032,2026-02-16,Received,High,In-App Wallet
25322,425,2026-02-19,Received,High,In-App Wallet
25323,387,2026-02-13,Received,High,In-App Wallet
25324,1079,2026-02-09,Received,High,In-App Wallet
25325,1456,2026-02-19,Received,High,In-App Wallet
25326,1399,2026-02-09,Received,High,In-App Wallet
25327,709,2026-01-31,Received,High,In-App Wallet
25328,405,2026-01-28,Received,High,In-App Wallet
25329,1556,2026-01-28,Received,High,In-App Wallet
25330,1804,2026-01-30,Received,High,In-App Wallet
25331,348,2026-01-20,Received,High,In-App Wallet
25332,1507,2026-01-09,Received,High,In-App Wallet
25333,1787,2026-01-17,Received,High,In-App Wallet
25334,462,2026-02-16,Received,High,In-App Wallet
25335,1954,2026-01-24,Received,High,In-App Wallet
25336,786,2026-01-29,Received,High,In-App Wallet
25337,441,2026-01-10,Received,High,In-App Wallet
25338,140,2026-02-06,Received,High,In-App Wallet
25339,1537,2026-02-05,Received,High,In-App Wallet
25340,1559,2026-02-18,Received,High,In-App Wallet
25341,977,2026-01-20,Received,High,In-App Wallet
25342,1481,2026-02-15,Received,High,In-App Wallet
25343,1050,2026-02-08,Received,High,In-App Wallet
25344,8,2026-01-07,Received,High,In-App Wallet
25345,1441,2026-02-06,Received,High,In-App Wallet
25346,1133,2026-02-09,Received,High,In-App Wallet
25347,885,2026-01-20,Received,High,In-App Wallet
25348,519,2026-02-08,Received,High,In-App Wallet
25349,1138,2026-01-12,Received,High,In-App Wallet
25350,281,2026-01-23,Received,High,In-App Wallet
25351,1819,2026-02-11,Received,High,In-App Wallet
25352,1144,2026-01-16,Received,High,In-App Wallet
25353,1428,2026-01-31,Received,High,In-App Wallet
25354,710,2026-01-08,Received,High,In-App Wallet
25355,183,2026-02-09,Received,High,In-App Wallet
25356,808,2026-01-21,Received,High,In-App Wallet
25357,1810,2026-01-19,Received,High,In-App Wallet
25358,1739,2026-01-16,Received,High,In-App Wallet
25359,602,2026-02-10,Received,High,In-App Wallet
25360,291,2026-01-18,Received,High,In-App Wallet
25361,798,2026-02-07,Received,High,In-App Wallet
25362,582,2026-02-03,Received,High,In-App Wallet
25363,1452,2026-02-15,Received,High,In-App Wallet
25364,914,2026-02-02,Received,High,In-App Wallet
25365,1435,2026-02-14,Received,High,In-App Wallet
25366,113,2026-01-17,Received,High,In-App Wallet
25367,1360,2026-02-05,Received,High,In-App Wallet
25368,1165,2026-02-11,Received,High,In-App Wallet
25369,1373,2026-02-02,Received,High,In-App Wallet
25370,1315,2026-01-17,Received,High,In-App Wallet
25371,26,2026-02-15,Received,High,In-App Wallet
25372,393,2026-02-13,Received,High,In-App Wallet
25373,437,2026-01-07,Received,High,In-App Wallet
25374,1672,2026-01-29,Received,High,In-App Wallet
25375,1882,2026-01-25,Received,High,In-App Wallet
25376,1346,2026-01-09,Received,High,In-App Wallet
25377,515,2026-01-10,Received,High,In-App Wallet
25378,302,2026-02-02,Received,High,In-App Wallet
25379,1839,2026-01-19,Received,High,In-App Wallet
25380,187,2026-01-12,Received,High,In-App Wallet
25381,303,2026-01-08,Received,High,In-App Wallet
25382,173,2026-02-19,Received,High,In-App Wallet
25383,518,2026-01-30,Received,High,In-App Wallet
25384,1610,2026-02-09,Received,High,In-App Wallet
25385,1863,2026-01-30,Received,High,In-App Wallet
25386,225,2026-01-10,Received,High,In-App Wallet
25387,1085,2026-01-22,Received,High,In-App Wallet
25388,1640,2026-02-08,Received,High,In-App Wallet
25389,1659,2026-02-03,Received,High,In-App Wallet
25390,1622,2026-02-12,Received,High,In-App Wallet
25391,486,2026-02-02,Received,High,In-App Wallet
25392,250,2026-01-20,Received,High,In-App Wallet
25393,10,2026-01-10,Received,High,In-App Wallet
25394,256,2026-02-12,Received,High,In-App Wallet
25395,114,2026-01-12,Received,High,In-App Wallet
25396,1432,2026-01-18,Received,High,In-App Wallet
25397,1888,2026-02-03,Received,High,In-App Wallet
25398,1928,2026-01-22,Received,High,In-App Wallet
25399,833,2026-01-10,Received,High,In-App Wallet
25400,1334,2026-01-15,Received,High,In-App Wallet
25401,1383,2026-01-29,Received,High,In-App Wallet
25402,830,2026-01-08,Received,High,In-App Wallet
25403,31,2026-01-12,Received,High,In-App Wallet
25404,1277,2026-02-10,Received,High,In-App Wallet
25405,1489,2026-01-18,Received,High,In-App Wallet
25406,706,2026-02-10,Received,High,In-App Wallet
25407,1024,2026-02-03,Received,High,In-App Wallet
25408,351,2026-01-23,Received,High,In-App Wallet
25409,1322,2026-01-23,Received,High,In-App Wallet
25410,1099,2026-01-31,Received,High,In-App Wallet
25411,862,2026-02-18,Received,High,In-App Wallet
25412,1179,2026-01-12,Received,High,In-App Wallet
25413,166,2026-01-19,Received,High,In-App Wallet
25414,227,2026-01-21,Received,High,In-App Wallet
25415,237,2026-01-25,Received,High,In-App Wallet
25416,189,2026-01-13,Received,High,In-App Wallet
25417,1154,2026-02-14,Received,High,In-App Wallet
25418,1167,2026-01-20,Received,High,In-App Wallet
25419,1187,2026-01-18,Received,High,In-App Wallet
25420,418,2026-02-10,Received,High,In-App Wallet
25421,1125,2026-01-16,Received,High,In-App Wallet
25422,820,2026-02-18,Received,High,In-App Wallet
25423,1894,2026-01-10,Received,High,In-App Wallet
25424,1444,2026-02-08,Received,High,In-App Wallet
25425,1294,2026-02-16,Received,High,In-App Wallet
25426,1719,2026-02-13,Received,High,In-App Wallet
25427,1425,2026-01-31,Received,High,In-App Wallet
25428,858,2026-01-10,Received,High,In-App Wallet
25429,1369,2026-01-29,Received,High,In-App Wallet
25430,91,2026-01-31,Received,High,In-App Wallet
25431,370,2026-02-02,Received,High,In-App Wallet
25432,800,2026-01-22,Received,High,In-App Wallet
25433,719,2026-01-26,Received,High,In-App Wallet
25434,824,2026-01-18,Received,High,In-App Wallet
25435,1342,2026-02-18,Received,High,In-App Wallet
25436,100,2026-01-14,Received,High,In-App Wallet
25437,277,2026-02-08,Received,High,In-App Wallet
25438,641,2026-01-27,Received,High,In-App Wallet
25439,738,2026-01-11,Received,High,In-App Wallet
25440,608,2026-01-28,Received,High,In-App Wallet
25441,325,2026-01-27,Received,High,In-App Wallet
25442,358,2026-02-14,Received,High,In-App Wallet
25443,399,2026-02-17,Received,High,In-App Wallet
25444,629,2026-02-16,Received,High,In-App Wallet
25445,276,2026-02-04,Received,High,In-App Wallet
25446,1777,2026-01-10,Received,High,In-App Wallet
25447,413,2026-02-19,Received,High,In-App Wallet
25448,432,2026-02-09,Received,High,In-App Wallet
25449,1982,2026-01-21,Received,High,In-App Wallet
25450,597,2026-02-02,Received,High,In-App Wallet
25451,1912,2026-01-16,Received,High,In-App Wallet
25452,667,2026-02-04,Received,High,In-App Wallet
25453,657,2026-02-02,Received,High,In-App Wallet
25454,611,2026-02-15,Received,High,In-App Wallet
25455,487,2026-02-18,Received,High,In-App Wallet
25456,1570,2026-01-07,Received,High,In-App Wallet
25457,1108,2026-02-07,Received,High,In-App Wallet
25458,908,2026-01-10,Received,High,In-App Wallet
25459,804,2026-01-24,Received,High,In-App Wallet
25460,905,2026-02-13,Received,High,In-App Wallet
25461,643,2026-02-19,Received,High,In-App Wallet
25462,1019,2026-02-20,Received,High,In-App Wallet
25463,1305,2026-02-16,Received,High,In-App Wallet
25464,1677,2026-01-11,Received,High,In-App Wallet
25465,212,2026-02-20,Received,High,In-App Wallet
25466,438,2026-01-13,Received,High,In-App Wallet
25467,1978,2026-02-13,Received,High,In-App Wallet
25468,1199,2026-01-31,Received,High,In-App Wallet
25469,744,2026-01-29,Received,High,In-App Wallet
25470,465,2026-01-27,Received,High,In-App Wallet
25471,93,2026-01-29,Received,High,In-App Wallet
25472,945,2026-01-19,Received,High,In-App Wallet
25473,1615,2026-02-18,Received,High,In-App Wallet
25474,1477,2026-01-16,Received,High,In-App Wallet
25475,243,2026-02-10,Received,High,In-App Wallet
25476,200,2026-01-11,Received,High,In-App Wallet
25477,968,2026-02-17,Received,High,In-App Wallet
25478,359,2026-01-17,Received,High,In-App Wallet
25479,679,2026-01-25,Received,High,In-App Wallet
25480,1833,2026-01-30,Received,High,In-App Wallet
25481,1321,2026-01-29,Received,High,In-App Wallet
25482,1733,2026-02-18,Received,High,In-App Wallet
25483,429,2026-02-07,Received,High,In-App Wallet
25484,1340,2026-01-26,Received,High,In-App Wallet
25485,640,2026-02-19,Received,High,In-App Wallet
25486,190,2026-01-07,Received,High,In-App Wallet
25487,145,2026-01-25,Received,High,In-App Wallet
25488,1805,2026-01-24,Received,High,In-App Wallet
25489,603,2026-02-02,Received,High,In-App Wallet
25490,202,2026-02-14,Received,High,In-App Wallet
25491,1252,2026-01-14,Received,High,In-App Wallet
25492,783,2026-01-13,Received,High,In-App Wallet
25493,994,2026-01-21,Received,High,In-App Wallet
25494,1918,2026-02-09,Received,High,In-App Wallet
25495,170,2026-02-19,Received,High,In-App Wallet
25496,1784,2026-02-02,Received,High,In-App Wallet
25497,882,2026-01-17,Received,High,In-App Wallet
25498,474,2026-01-25,Received,High,In-App Wallet
25499,1923,2026-02-10,Received,High,In-App Wallet
25500,36,2026-01-21,Received,High,In-App Wallet
25501,216,2026-01-31,Received,High,In-App Wallet
25502,701,2026-01-22,Received,High,In-App Wallet
25503,1100,2026-01-19,Received,High,In-App Wallet
25504,248,2026-01-19,Received,High,In-App Wallet
25505,1171,2026-02-02,Received,High,In-App Wallet
25506,1115,2026-02-08,Received,High,In-App Wallet
25507,1190,2026-01-09,Received,High,In-App Wallet
25508,355,2026-01-24,Received,High,In-App Wallet
25509,417,2026-02-16,Received,High,In-App Wallet
25510,1638,2026-01-28,Received,High,In-App Wallet
25511,1182,2026-01-11,Received,High,In-App Wallet
25512,1194,2026-02-12,Received,High,In-App Wallet
25513,1118,2026-01-20,Received,High,In-App Wallet
25514,878,2026-02-01,Received,High,In-App Wallet
25515,1029,2026-02-15,Received,High,In-App Wallet
25516,1746,2026-02-15,Received,High,In-App Wallet
25517,6,2026-02-11,Received,High,In-App Wallet
25518,817,2026-02-07,Received,High,In-App Wallet
25519,758,2026-02-09,Received,High,In-App Wallet
25520,1052,2026-02-06,Received,High,In-App Wallet
25521,1120,2026-01-19,Received,High,In-App Wallet
25522,1635,2026-02-04,Received,High,In-App Wallet
25523,1980,2026-02-17,Received,High,In-App Wallet
25524,1705,2026-02-02,Received,High,In-App Wallet
25525,773,2026-01-15,Received,High,In-App Wallet
25526,1225,2026-01-20,Received,High,In-App Wallet
25527,1447,2026-02-19,Received,High,In-App Wallet
25528,366,2026-02-14,Received,High,In-App Wallet
25529,214,2026-02-11,Received,High,In-App Wallet
25530,1919,2026-02-06,Received,High,In-App Wallet
25531,1326,2026-02-16,Received,High,In-App Wallet
25532,1600,2026-01-17,Received,High,In-App Wallet
25533,1374,2026-02-01,Received,High,In-App Wallet
25534,330,2026-02-08,Received,High,In-App Wallet
25535,825,2026-02-07,Received,High,In-App Wallet
25536,1240,2026-02-11,Received,High,In-App Wallet
25537,1251,2026-01-15,Received,High,In-App Wallet
25538,163,2026-01-27,Received,High,In-App Wallet
25539,401,2026-01-06,Received,High,In-App Wallet
25540,777,2026-02-12,Received,High,In-App Wallet
25541,529,2026-02-13,Received,High,In-App Wallet
25542,577,2026-02-02,Received,High,In-App Wallet
25543,707,2026-01-21,Received,High,In-App Wallet
25544,685,2026-02-05,Received,High,In-App Wallet
25545,604,2026-01-18,Received,High,In-App Wallet
25546,457,2026-01-08,Received,High,In-App Wallet
25547,1832,2026-01-26,Received,High,In-App Wallet
25548,1175,2026-01-09,Received,High,In-App Wallet
25549,1003,2026-02-06,Received,High,In-App Wallet
25550,1211,2026-02-16,Received,High,In-App Wallet
25551,1279,2026-01-10,Received,High,In-App Wallet
25552,1446,2026-02-04,Received,High,In-App Wallet
25553,1051,2026-01-19,Received,High,In-App Wallet
25554,148,2026-02-07,Received,High,In-App Wallet
25555,676,2026-01-08,Received,High,In-App Wallet
25556,1658,2026-01-08,Received,High,In-App Wallet
25557,1920,2026-01-15,Received,High,In-App Wallet
25558,1676,2026-02-16,Received,High,In-App Wallet
25559,1320,2026-02-01,Received,High,In-App Wallet
25560,371,2026-02-10,Received,High,In-App Wallet
25561,1510,2026-02-02,Received,High,In-App Wallet
25562,838,2026-01-26,Received,High,In-App Wallet
25563,661,2026-01-17,Received,High,In-App Wallet
25564,471,2026-02-07,Received,High,In-App Wallet
25565,16,2026-02-19,Received,High,In-App Wallet
25566,1702,2026-02-09,Received,High,In-App Wallet
25567,952,2026-02-09,Received,High,In-App Wallet
25568,547,2026-02-01,Received,High,In-App Wallet
25569,1174,2026-02-12,Received,High,In-App Wallet
25570,1227,2026-02-02,Received,High,In-App Wallet
25571,1453,2026-01-13,Received,High,In-App Wallet
25572,1353,2026-01-16,Received,High,In-App Wallet
25573,836,2026-02-06,Received,High,In-App Wallet
25574,765,2026-01-15,Received,High,In-App Wallet
25575,792,2026-01-28,Received,High,In-App Wallet
25576,1088,2026-02-08,Received,High,In-App Wallet
25577,1763,2026-02-01,Received,High,In-App Wallet
25578,125,2026-01-09,Received,High,In-App Wallet
25579,1937,2026-02-05,Received,High,In-App Wallet
25580,116,2026-02-02,Received,High,In-App Wallet
25581,464,2026-01-26,Received,High,In-App Wallet
25582,664,2026-01-24,Received,High,In-App Wallet
25583,656,2026-01-31,Received,High,In-App Wallet
25584,1817,2026-02-12,Received,High,In-App Wallet
25585,776,2026-01-07,Received,High,In-App Wallet
25586,686,2026-01-26,Received,High,In-App Wallet
25587,839,2026-02-19,Received,High,In-App Wallet
25588,678,2026-01-19,Received,High,In-App Wallet
25589,1234,2026-02-18,Received,High,In-App Wallet
25590,1781,2026-02-13,Received,High,In-App Wallet
25591,554,2026-01-13,Received,High,In-App Wallet
25592,811,2026-02-01,Received,High,In-App Wallet
25593,1372,2026-02-09,Received,High,In-App Wallet
25594,749,2026-01-24,Received,High,In-App Wallet
25595,1520,2026-02-01,Received,High,In-App Wallet
25596,1774,2026-01-10,Received,High,In-App Wallet
25597,1749,2026-01-25,Received,High,In-App Wallet
25598,644,2026-02-03,Received,High,In-App Wallet
25599,939,2026-02-20,Received,High,In-App Wallet
25600,583,2026-02-08,Received,High,In-App Wallet
25601,273,2026-01-08,Received,High,In-App Wallet
25602,1518,2026-01-12,Received,High,In-App Wallet
25603,1482,2026-01-15,Received,High,In-App Wallet
25604,886,2026-01-10,Received,High,In-App Wallet
25605,1046,2026-01-20,Received,High,In-App Wallet
25606,392,2026-02-19,Received,High,In-App Wallet
25607,1407,2026-02-08,Received,High,In-App Wallet
25608,155,2026-01-20,Received,High,In-App Wallet
25609,587,2026-01-15,Received,High,In-App Wallet
25610,1665,2026-01-11,Received,High,In-App Wallet
25611,1303,2026-01-15,Received,High,In-App Wallet
25612,512,2026-01-12,Received,High,In-App Wallet
25613,1759,2026-01-31,Received,High,In-App Wallet
25614,757,2026-02-11,Received,High,In-App Wallet
25615,648,2026-01-27,Received,High,In-App Wallet
25616,1063,2026-02-14,Received,High,In-App Wallet
25617,1494,2026-02-19,Received,High,In-App Wallet
25618,680,2026-01-26,Received,High,In-App Wallet
25619,235,2026-02-16,Received,High,In-App Wallet
25620,1611,2026-02-14,Received,High,In-App Wallet
25621,1461,2026-01-29,Received,High,In-App Wallet
25622,677,2026-02-16,Received,High,In-App Wallet
25623,1938,2026-02-05,Received,High,In-App Wallet
25624,1101,2026-02-04,Received,High,In-App Wallet
25625,1455,2026-02-14,Received,High,In-App Wallet
25626,182,2026-02-13,Received,High,In-App Wallet
25627,871,2026-01-17,Received,High,In-App Wallet
25628,312,2026-01-18,Received,High,In-App Wallet
25629,115,2026-01-27,Received,High,In-App Wallet
25630,1795,2026-01-17,Received,High,In-App Wallet
25631,1354,2026-02-15,Received,High,In-App Wallet
25632,296,2026-02-14,Received,High,In-App Wallet
25633,361,2026-02-12,Received,High,In-App Wallet
25634,2,2026-01-06,Received,High,In-App Wallet
25635,1267,2026-01-21,Received,High,In-App Wallet
25636,510,2026-02-15,Received,High,In-App Wallet
25637,323,2026-02-11,Received,High,In-App Wallet
25638,1463,2026-01-27,Received,High,In-App Wallet
25639,1818,2026-02-04,Received,High,In-App Wallet
25640,1073,2026-01-23,Received,High,In-App Wallet
25641,1273,2026-01-11,Received,High,In-App Wallet
25642,990,2026-01-18,Received,High,In-App Wallet
25643,376,2026-01-25,Received,High,In-App Wallet
25644,1858,2026-01-11,Received,High,In-App Wallet
25645,1188,2026-01-22,Received,High,In-App Wallet
25646,1590,2026-02-15,Received,High,In-App Wallet
25647,1430,2026-02-17,Received,High,In-App Wallet
25648,959,2026-01-16,Received,High,In-App Wallet
25649,614,2026-02-07,Received,High,In-App Wallet
25650,1220,2026-01-14,Received,High,In-App Wallet
25651,1720,2026-02-10,Received,High,In-App Wallet
25652,874,2026-01-15,Received,High,In-App Wallet
25653,147,2026-01-26,Received,High,In-App Wallet
25654,478,2026-01-18,Received,High,In-App Wallet
25655,305,2026-01-21,Received,High,In-App Wallet
25656,35,2026-02-06,Received,High,In-App Wallet
25657,925,2026-02-09,Received,High,In-App Wallet
25658,1192,2026-01-09,Received,High,In-App Wallet
25659,138,2026-01-08,Received,High,In-App Wallet
25660,1395,2026-01-31,Received,High,In-App Wallet
25661,1605,2026-02-04,Received,High,In-App Wallet
25662,1449,2026-01-18,Received,High,In-App Wallet
25663,1599,2026-01-23,Received,High,In-App Wallet
25664,1057,2026-01-21,Received,High,In-App Wallet
25665,1876,2026-01-29,Received,High,In-App Wallet
25666,1286,2026-02-08,Received,High,In-App Wallet
25667,386,2026-01-10,Received,High,In-App Wallet
25668,452,2026-01-16,Received,High,In-App Wallet
25669,161,2026-02-14,Received,High,In-App Wallet
25670,1626,2026-01-06,Received,High,In-App Wallet
25671,877,2026-01-29,Received,High,In-App Wallet
25672,1376,2026-02-19,Received,High,In-App Wallet
25673,264,2026-02-07,Received,High,In-App Wallet
25674,567,2026-01-23,Received,High,In-App Wallet
25675,1440,2026-02-20,Received,High,In-App Wallet
25676,241,2026-01-25,Received,High,In-App Wallet
25677,409,2026-01-08,Received,High,In-App Wallet
25678,1623,2026-02-07,Received,High,In-App Wallet
25679,44,2026-01-15,Received,High,In-App Wallet
25680,1948,2026-01-18,Received,High,In-App Wallet
25681,1796,2026-01-07,Received,High,In-App Wallet
25682,1235,2026-01-23,Received,High,In-App Wallet
25683,1614,2026-02-08,Received,High,In-App Wallet
25684,1264,2026-02-05,Received,High,In-App Wallet
25685,9,2026-01-12,Received,High,In-App Wallet
25686,746,2026-01-25,Received,High,In-App Wallet
25687,1585,2026-01-18,Received,High,In-App Wallet
25688,546,2026-01-24,Received,High,In-App Wallet
25689,1429,2026-02-14,Received,High,In-App Wallet
25690,881,2026-02-19,Received,High,In-App Wallet
25691,1006,2026-02-08,Received,High,In-App Wallet
25692,1111,2026-01-14,Received,High,In-App Wallet
25693,775,2026-01-27,Received,High,In-App Wallet
25694,193,2026-01-29,Received,High,In-App Wallet
25695,1842,2026-02-17,Received,High,In-App Wallet
25696,1955,2026-01-21,Received,High,In-App Wallet
25697,955,2026-01-28,Received,High,In-App Wallet
25698,1418,2026-02-13,Received,High,In-App Wallet
25699,1722,2026-02-12,Received,High,In-App Wallet
25700,596,2026-01-26,Received,High,In-App Wallet
25701,1893,2026-01-21,Received,High,In-App Wallet
25702,1580,2026-02-06,Received,High,In-App Wallet
25703,1064,2026-01-12,Received,High,In-App Wallet
25704,865,2026-01-16,Received,High,In-App Wallet
25705,1176,2026-02-07,Received,High,In-App Wallet
25706,819,2026-02-06,Received,High,In-App Wallet
25707,866,2026-01-29,Received,High,In-App Wallet
25708,265,2026-02-14,Received,High,In-App Wallet
25709,377,2026-02-17,Received,High,In-App Wallet
25710,1178,2026-01-20,Received,High,In-App Wallet
25711,720,2026-02-13,Received,High,In-App Wallet
25712,1642,2026-01-13,Received,High,In-App Wallet
25713,150,2026-01-08,Received,High,In-App Wallet
25714,1617,2026-01-23,Received,High,In-App Wallet
25715,1788,2026-01-13,Received,High,In-App Wallet
25716,981,2026-01-24,Received,High,In-App Wallet
25717,135,2026-01-31,Received,High,In-App Wallet
25718,1840,2026-01-13,Received,High,In-App Wallet
25719,1945,2026-02-18,Received,High,In-App Wallet
25720,1496,2026-01-09,Received,High,In-App Wallet
25721,1032,2026-01-25,Received,High,In-App Wallet
25722,425,2026-01-19,Received,High,In-App Wallet
25723,387,2026-01-22,Received,High,In-App Wallet
25724,1079,2026-02-20,Received,High,In-App Wallet
25725,1456,2026-01-10,Received,High,In-App Wallet
25726,1399,2026-02-13,Received,High,In-App Wallet
25727,709,2026-01-16,Received,High,In-App Wallet
25728,405,2026-01-27,Received,High,In-App Wallet
25729,1556,2026-01-17,Received,High,In-App Wallet
25730,1804,2026-01-23,Received,High,In-App Wallet
25731,348,2026-02-19,Received,High,In-App Wallet
25732,1507,2026-01-27,Received,High,In-App Wallet
25733,1787,2026-01-18,Received,High,In-App Wallet
25734,462,2026-01-21,Received,High,In-App Wallet
25735,1954,2026-02-07,Received,High,In-App Wallet
25736,786,2026-01-09,Received,High,In-App Wallet
25737,441,2026-01-09,Received,High,In-App Wallet
25738,140,2026-02-02,Received,High,In-App Wallet
25739,1537,2026-02-01,Received,High,In-App Wallet
25740,1559,2026-01-24,Received,High,In-App Wallet
25741,977,2026-01-25,Received,High,In-App Wallet
25742,1481,2026-02-07,Received,High,In-App Wallet
25743,1050,2026-02-03,Received,High,In-App Wallet
25744,8,2026-01-12,Received,High,In-App Wallet
25745,1441,2026-02-14,Received,High,In-App Wallet
25746,1133,2026-01-26,Received,High,In-App Wallet
25747,885,2026-01-29,Received,High,In-App Wallet
25748,519,2026-01-11,Received,High,In-App Wallet
25749,1138,2026-01-22,Received,High,In-App Wallet
25750,281,2026-02-10,Received,High,In-App Wallet
25751,1819,2026-01-16,Received,High,In-App Wallet
25752,1144,2026-01-07,Received,High,In-App Wallet
25753,1428,2026-02-09,Received,High,In-App Wallet
25754,710,2026-01-08,Received,High,In-App Wallet
25755,183,2026-02-12,Received,High,In-App Wallet
25756,808,2026-01-23,Received,High,In-App Wallet
25757,1810,2026-01-16,Received,High,In-App Wallet
25758,1739,2026-02-17,Received,High,In-App Wallet
25759,602,2026-01-12,Received,High,In-App Wallet
25760,291,2026-01-08,Received,High,In-App Wallet
25761,798,2026-01-19,Received,High,In-App Wallet
25762,582,2026-01-21,Received,High,In-App Wallet
25763,1452,2026-02-13,Received,High,In-App Wallet
25764,914,2026-02-05,Received,High,In-App Wallet
25765,1435,2026-02-04,Received,High,In-App Wallet
25766,113,2026-02-13,Received,High,In-App Wallet
25767,1360,2026-02-05,Received,High,In-App Wallet
25768,1165,2026-01-10,Received,High,In-App Wallet
25769,1373,2026-01-19,Received,High,In-App Wallet
25770,1315,2026-02-15,Received,High,In-App Wallet
25771,26,2026-02-02,Received,High,In-App Wallet
25772,393,2026-02-06,Received,High,In-App Wallet
25773,437,2026-02-18,Received,High,In-App Wallet
25774,1672,2026-02-08,Received,High,In-App Wallet
25775,1882,2026-01-08,Received,High,In-App Wallet
25776,1346,2026-01-25,Received,High,In-App Wallet
25777,515,2026-02-10,Received,High,In-App Wallet
25778,302,2026-01-22,Received,High,In-App Wallet
25779,1839,2026-02-06,Received,High,In-App Wallet
25780,187,2026-02-14,Received,High,In-App Wallet
25781,303,2026-02-20,Received,High,In-App Wallet
25782,173,2026-01-30,Received,High,In-App Wallet
25783,518,2026-01-25,Received,High,In-App Wallet
25784,1610,2026-01-27,Received,High,In-App Wallet
25785,1863,2026-01-21,Received,High,In-App Wallet
25786,225,2026-01-10,Received,High,In-App Wallet
25787,1085,2026-01-11,Received,High,In-App Wallet
25788,1640,2026-01-08,Received,High,In-App Wallet
25789,1659,2026-01-25,Received,High,In-App Wallet
25790,1622,2026-02-12,Received,High,In-App Wallet
25791,486,2026-02-15,Received,High,In-App Wallet
25792,250,2026-02-08,Received,High,In-App Wallet
25793,10,2026-01-28,Received,High,In-App Wallet
25794,256,2026-02-01,Received,High,In-App Wallet
25795,114,2026-01-18,Received,High,In-App Wallet
25796,1432,2026-01-16,Received,High,In-App Wallet
25797,1888,2026-02-17,Received,High,In-App Wallet
25798,1928,2026-02-08,Received,High,In-App Wallet
25799,833,2026-01-09,Received,High,In-App Wallet
25800,1334,2026-02-11,Received,High,In-App Wallet
25801,1383,2026-01-12,Received,High,In-App Wallet
25802,830,2026-01-31,Received,High,In-App Wallet
25803,31,2026-01-30,Received,High,In-App Wallet
25804,1277,2026-02-13,Received,High,In-App Wallet
25805,1489,2026-02-19,Received,High,In-App Wallet
25806,706,2026-02-09,Received,High,In-App Wallet
25807,1024,2026-01-30,Received,High,In-App Wallet
25808,351,2026-01-22,Received,High,In-App Wallet
25809,1322,2026-01-25,Received,High,In-App Wallet
25810,1099,2026-01-26,Received,High,In-App Wallet
25811,862,2026-01-28,Received,High,In-App Wallet
25812,1179,2026-01-14,Received,High,In-App Wallet
25813,166,2026-01-07,Received,High,In-App Wallet
25814,227,2026-01-27,Received,High,In-App Wallet
25815,237,2026-02-10,Received,High,In-App Wallet
25816,189,2026-01-28,Received,High,In-App Wallet
25817,1154,2026-01-13,Received,High,In-App Wallet
25818,1167,2026-01-11,Received,High,In-App Wallet
25819,1187,2026-01-20,Received,High,In-App Wallet
25820,418,2026-01-20,Received,High,In-App Wallet
25821,1125,2026-01-24,Received,High,In-App Wallet
25822,820,2026-02-13,Received,High,In-App Wallet
25823,1894,2026-01-09,Received,High,In-App Wallet
25824,1444,2026-02-06,Received,High,In-App Wallet
25825,1294,2026-01-06,Received,High,In-App Wallet
25826,1719,2026-02-18,Received,High,In-App Wallet
25827,1425,2026-01-26,Received,High,In-App Wallet
25828,858,2026-01-18,Received,High,In-App Wallet
25829,1369,2026-01-23,Received,High,In-App Wallet
25830,91,2026-01-12,Received,High,In-App Wallet
25831,370,2026-01-30,Received,High,In-App Wallet
25832,800,2026-01-26,Received,High,In-App Wallet
25833,719,2026-02-03,Received,High,In-App Wallet
25834,824,2026-02-15,Received,High,In-App Wallet
25835,1342,2026-01-20,Received,High,In-App Wallet
25836,100,2026-02-12,Received,High,In-App Wallet
25837,277,2026-01-26,Received,High,In-App Wallet
25838,641,2026-01-31,Received,High,In-App Wallet
25839,738,2026-01-30,Received,High,In-App Wallet
25840,608,2026-01-08,Received,High,In-App Wallet
25841,325,2026-02-18,Received,High,In-App Wallet
25842,358,2026-02-12,Received,High,In-App Wallet
25843,399,2026-01-25,Received,High,In-App Wallet
25844,629,2026-02-19,Received,High,In-App Wallet
25845,276,2026-02-20,Received,High,In-App Wallet
25846,1777,2026-02-10,Received,High,In-App Wallet
25847,413,2026-01-27,Received,High,In-App Wallet
25848,432,2026-01-13,Received,High,In-App Wallet
25849,1982,2026-02-19,Received,High,In-App Wallet
25850,597,2026-01-09,Received,High,In-App Wallet
25851,1912,2026-01-15,Received,High,In-App Wallet
25852,667,2026-02-19,Received,High,In-App Wallet
25853,657,2026-01-07,Received,High,In-App Wallet
25854,611,2026-01-27,Received,High,In-App Wallet
25855,487,2026-02-05,Received,High,In-App Wallet
25856,1570,2026-01-19,Received,High,In-App Wallet
25857,1108,2026-01-18,Received,High,In-App Wallet
25858,908,2026-01-12,Received,High,In-App Wallet
25859,804,2026-02-11,Received,High,In-App Wallet
25860,905,2026-02-14,Received,High,In-App Wallet
25861,643,2026-01-21,Received,High,In-App Wallet
25862,1019,2026-02-12,Received,High,In-App Wallet
25863,1305,2026-02-01,Received,High,In-App Wallet
25864,1677,2026-01-17,Received,High,In-App Wallet
25865,212,2026-02-19,Received,High,In-App Wallet
25866,438,2026-02-08,Received,High,In-App Wallet
25867,1978,2026-01-25,Received,High,In-App Wallet
25868,1199,2026-01-16,Received,High,In-App Wallet
25869,744,2026-01-16,Received,High,In-App Wallet
25870,465,2026-02-10,Received,High,In-App Wallet
25871,93,2026-01-16,Received,High,In-App Wallet
25872,945,2026-01-24,Received,High,In-App Wallet
25873,1615,2026-02-18,Received,High,In-App Wallet
25874,1477,2026-02-11,Received,High,In-App Wallet
25875,243,2026-02-13,Received,High,In-App Wallet
25876,200,2026-01-23,Received,High,In-App Wallet
25877,968,2026-02-13,Received,High,In-App Wallet
25878,359,2026-02-03,Received,High,In-App Wallet
25879,679,2026-01-16,Received,High,In-App Wallet
25880,1833,2026-01-26,Received,High,In-App Wallet
25881,1321,2026-01-17,Received,High,In-App Wallet
25882,1733,2026-01-25,Received,High,In-App Wallet
25883,429,2026-01-23,Received,High,In-App Wallet
25884,1340,2026-01-14,Received,High,In-App Wallet
25885,640,2026-02-14,Received,High,In-App Wallet
25886,190,2026-01-16,Received,High,In-App Wallet
25887,145,2026-01-18,Received,High,In-App Wallet
25888,1805,2026-01-30,Received,High,In-App Wallet
25889,603,2026-01-31,Received,High,In-App Wallet
25890,202,2026-02-14,Received,High,In-App Wallet
25891,1252,2026-01-16,Received,High,In-App Wallet
25892,783,2026-01-29,Received,High,In-App Wallet
25893,994,2026-02-17,Received,High,In-App Wallet
25894,1918,2026-01-18,Received,High,In-App Wallet
25895,170,2026-02-02,Received,High,In-App Wallet
25896,1784,2026-01-10,Received,High,In-App Wallet
25897,882,2026-01-26,Received,High,In-App Wallet
25898,474,2026-02-09,Received,High,In-App Wallet
25899,1923,2026-02-13,Received,High,In-App Wallet
25900,36,2026-01-09,Received,High,In-App Wallet
25901,216,2026-01-07,Received,High,In-App Wallet
25902,701,2026-01-16,Received,High,In-App Wallet
25903,1100,2026-02-06,Received,High,In-App Wallet
25904,248,2026-02-13,Received,High,In-App Wallet
25905,1171,2026-02-14,Received,High,In-App Wallet
25906,1115,2026-01-21,Received,High,In-App Wallet
25907,1190,2026-02-12,Received,High,In-App Wallet
25908,355,2026-02-20,Received,High,In-App Wallet
25909,417,2026-02-01,Received,High,In-App Wallet
25910,1638,2026-02-17,Received,High,In-App Wallet
25911,1182,2026-01-22,Received,High,In-App Wallet
25912,1194,2026-02-20,Received,High,In-App Wallet
25913,1118,2026-02-01,Received,High,In-App Wallet
25914,878,2026-02-03,Received,High,In-App Wallet
25915,1029,2026-02-05,Received,High,In-App Wallet
25916,1746,2026-01-28,Received,High,In-App Wallet
25917,6,2026-01-22,Received,High,In-App Wallet
25918,817,2026-01-19,Received,High,In-App Wallet
25919,758,2026-01-29,Received,High,In-App Wallet
25920,1052,2026-02-12,Received,High,In-App Wallet
25921,1120,2026-01-24,Received,High,In-App Wallet
25922,1635,2026-02-09,Received,High,In-App Wallet
25923,1980,2026-01-10,Received,High,In-App Wallet
25924,1705,2026-02-14,Received,High,In-App Wallet
25925,773,2026-02-11,Received,High,In-App Wallet
25926,1225,2026-01-09,Received,High,In-App Wallet
25927,1447,2026-01-30,Received,High,In-App Wallet
25928,366,2026-02-20,Received,High,In-App Wallet
25929,214,2026-01-22,Received,High,In-App Wallet
25930,1919,2026-01-27,Received,High,In-App Wallet
25931,1326,2026-01-26,Received,High,In-App Wallet
25932,1600,2026-02-13,Received,High,In-App Wallet
25933,1374,2026-02-08,Received,High,In-App Wallet
25934,330,2026-01-12,Received,High,In-App Wallet
25935,825,2026-01-18,Received,High,In-App Wallet
25936,1240,2026-02-05,Received,High,In-App Wallet
25937,1251,2026-02-18,Received,High,In-App Wallet
25938,163,2026-01-11,Received,High,In-App Wallet
25939,401,2026-01-27,Received,High,In-App Wallet
25940,777,2026-02-02,Received,High,In-App Wallet
25941,529,2026-02-08,Received,High,In-App Wallet
25942,577,2026-01-25,Received,High,In-App Wallet
25943,707,2026-01-28,Received,High,In-App Wallet
25944,685,2026-02-09,Received,High,In-App Wallet
25945,604,2026-01-10,Received,High,In-App Wallet
25946,457,2026-02-04,Received,High,In-App Wallet
25947,1832,2026-01-24,Received,High,In-App Wallet
25948,1175,2026-01-24,Received,High,In-App Wallet
25949,1003,2026-01-26,Received,High,In-App Wallet
25950,1211,2026-01-26,Received,High,In-App Wallet
25951,1279,2026-01-13,Received,High,In-App Wallet
25952,1446,2026-02-14,Received,High,In-App Wallet
25953,1051,2026-01-22,Received,High,In-App Wallet
25954,148,2026-01-31,Received,High,In-App Wallet
25955,676,2026-02-12,Received,High,In-App Wallet
25956,1658,2026-01-22,Received,High,In-App Wallet
25957,1920,2026-01-24,Received,High,In-App Wallet
25958,1676,2026-01-28,Received,High,In-App Wallet
25959,1320,2026-02-03,Received,High,In-App Wallet
25960,371,2026-01-19,Received,High,In-App Wallet
25961,1510,2026-01-17,Received,High,In-App Wallet
25962,838,2026-02-16,Received,High,In-App Wallet
25963,661,2026-02-17,Received,High,In-App Wallet
25964,471,2026-02-16,Received,High,In-App Wallet
25965,16,2026-01-09,Received,High,In-App Wallet
25966,1702,2026-02-03,Received,High,In-App Wallet
25967,952,2026-01-18,Received,High,In-App Wallet
25968,547,2026-02-03,Received,High,In-App Wallet
25969,1174,2026-01-27,Received,High,In-App Wallet
25970,1227,2026-02-12,Received,High,In-App Wallet
25971,1453,2026-01-18,Received,High,In-App Wallet
25972,1353,2026-01-10,Received,High,In-App Wallet
25973,836,2026-01-22,Received,High,In-App Wallet
25974,765,2026-02-07,Received,High,In-App Wallet
25975,792,2026-02-20,Received,High,In-App Wallet
25976,1088,2026-01-24,Received,High,In-App Wallet
25977,1763,2026-01-14,Received,High,In-App Wallet
25978,125,2026-01-12,Received,High,In-App Wallet
25979,1937,2026-02-09,Received,High,In-App Wallet
25980,116,2026-01-12,Received,High,In-App Wallet
25981,464,2026-01-29,Received,High,In-App Wallet
25982,664,2026-02-15,Received,High,In-App Wallet
25983,656,2026-01-12,Received,High,In-App Wallet
25984,1817,2026-01-20,Received,High,In-App Wallet
25985,776,2026-01-09,Received,High,In-App Wallet
25986,686,2026-02-10,Received,High,In-App Wallet
25987,839,2026-02-19,Received,High,In-App Wallet
25988,678,2026-02-08,Received,High,In-App Wallet
25989,1234,2026-01-25,Received,High,In-App Wallet
25990,1781,2026-01-28,Received,High,In-App Wallet
25991,554,2026-02-19,Received,High,In-App Wallet
25992,811,2026-02-01,Received,High,In-App Wallet
25993,1372,2026-01-13,Received,High,In-App Wallet
25994,749,2026-02-02,Received,High,In-App Wallet
25995,1520,2026-01-26,Received,High,In-App Wallet
25996,1774,2026-02-09,Received,High,In-App Wallet
25997,1749,2026-01-30,Received,High,In-App Wallet
25998,644,2026-02-18,Received,High,In-App Wallet
25999,939,2026-02-09,Received,High,In-App Wallet
26000,583,2026-01-07,Received,High,In-App Wallet
26001,273,2026-01-21,Received,High,In-App Wallet
26002,1518,2026-02-19,Received,High,In-App Wallet
26003,1482,2026-01-08,Received,High,In-App Wallet
26004,886,2026-02-06,Received,High,In-App Wallet
26005,1046,2026-01-16,Received,High,In-App Wallet
26006,392,2026-01-06,Received,High,In-App Wallet
26007,1407,2026-01-16,Received,High,In-App Wallet
26008,155,2026-01-10,Received,High,In-App Wallet
26009,587,2026-02-05,Received,High,In-App Wallet
26010,1665,2026-01-25,Received,High,In-App Wallet
26011,1303,2026-02-20,Received,High,In-App Wallet
26012,512,2026-01-14,Received,High,In-App Wallet
26013,1759,2026-02-01,Received,High,In-App Wallet
26014,757,2026-01-15,Received,High,In-App Wallet
26015,648,2026-02-02,Received,High,In-App Wallet
26016,1063,2026-02-05,Received,High,In-App Wallet
26017,1494,2026-01-24,Received,High,In-App Wallet
26018,680,2026-01-26,Received,High,In-App Wallet
26019,235,2026-01-28,Received,High,In-App Wallet
26020,1611,2026-01-24,Received,High,In-App Wallet
26021,1461,2026-02-05,Received,High,In-App Wallet
26022,677,2026-01-14,Received,High,In-App Wallet
26023,1938,2026-01-08,Received,High,In-App Wallet
26024,1101,2026-02-15,Received,High,In-App Wallet
26025,1455,2026-01-16,Received,High,In-App Wallet
26026,182,2026-02-12,Received,High,In-App Wallet
26027,871,2026-02-04,Received,High,In-App Wallet
26028,312,2026-02-02,Received,High,In-App Wallet
26029,115,2026-01-15,Received,High,In-App Wallet
26030,1795,2026-01-20,Received,High,In-App Wallet
26031,1354,2026-02-18,Received,High,In-App Wallet
26032,296,2026-02-14,Received,High,In-App Wallet
26033,361,2026-01-22,Received,High,In-App Wallet
26034,2,2026-02-03,Received,High,In-App Wallet
26035,1267,2026-02-09,Received,High,In-App Wallet
26036,510,2026-01-08,Received,High,In-App Wallet
26037,323,2026-02-05,Received,High,In-App Wallet
26038,1463,2026-02-09,Received,High,In-App Wallet
26039,1818,2026-02-03,Received,High,In-App Wallet
26040,1073,2026-02-13,Received,High,In-App Wallet
26041,1273,2026-01-19,Received,High,In-App Wallet
26042,990,2026-02-10,Received,High,In-App Wallet
26043,376,2026-01-31,Received,High,In-App Wallet
26044,1858,2026-01-24,Received,High,In-App Wallet
26045,1188,2026-01-28,Received,High,In-App Wallet
26046,1590,2026-01-12,Received,High,In-App Wallet
26047,1430,2026-01-10,Received,High,In-App Wallet
26048,959,2026-01-12,Received,High,In-App Wallet
26049,614,2026-02-18,Received,High,In-App Wallet
26050,1220,2026-02-06,Received,High,In-App Wallet
26051,1720,2026-01-29,Received,High,In-App Wallet
26052,874,2026-02-08,Received,High,In-App Wallet
26053,147,2026-01-26,Received,High,In-App Wallet
26054,478,2026-01-23,Received,High,In-App Wallet
26055,305,2026-01-12,Received,High,In-App Wallet
26056,35,2026-01-22,Received,High,In-App Wallet
26057,925,2026-02-04,Received,High,In-App Wallet
26058,1192,2026-01-15,Received,High,In-App Wallet
26059,138,2026-02-11,Received,High,In-App Wallet
26060,1395,2026-01-12,Received,High,In-App Wallet
26061,1605,2026-01-17,Received,High,In-App Wallet
26062,1449,2026-01-10,Received,High,In-App Wallet
26063,1599,2026-01-08,Received,High,In-App Wallet
26064,1057,2026-01-18,Received,High,In-App Wallet
26065,1876,2026-01-28,Received,High,In-App Wallet
26066,1286,2026-01-21,Received,High,In-App Wallet
26067,386,2026-01-24,Received,High,In-App Wallet
26068,452,2026-02-14,Received,High,In-App Wallet
26069,161,2026-02-17,Received,High,In-App Wallet
26070,1626,2026-02-12,Received,High,In-App Wallet
26071,877,2026-02-05,Received,High,In-App Wallet
26072,1376,2026-01-23,Received,High,In-App Wallet
26073,264,2026-02-17,Received,High,In-App Wallet
26074,567,2026-01-14,Received,High,In-App Wallet
26075,1440,2026-01-08,Received,High,In-App Wallet
26076,241,2026-01-16,Received,High,In-App Wallet
26077,409,2026-01-21,Received,High,In-App Wallet
26078,1623,2026-02-09,Received,High,In-App Wallet
26079,44,2026-01-10,Received,High,In-App Wallet
26080,1948,2026-02-10,Received,High,In-App Wallet
26081,1796,2026-01-28,Received,High,In-App Wallet
26082,1235,2026-02-01,Received,High,In-App Wallet
26083,1614,2026-02-09,Received,High,In-App Wallet
26084,1264,2026-01-19,Received,High,In-App Wallet
26085,9,2026-01-29,Received,High,In-App Wallet
26086,746,2026-02-16,Received,High,In-App Wallet
26087,1585,2026-01-12,Received,High,In-App Wallet
26088,546,2026-02-11,Received,High,In-App Wallet
26089,1429,2026-01-21,Received,High,In-App Wallet
26090,881,2026-02-17,Received,High,In-App Wallet
26091,1006,2026-02-05,Received,High,In-App Wallet
26092,1111,2026-01-18,Received,High,In-App Wallet
26093,775,2026-01-19,Received,High,In-App Wallet
26094,193,2026-02-14,Received,High,In-App Wallet
26095,1842,2026-01-16,Received,High,In-App Wallet
26096,1955,2026-01-27,Received,High,In-App Wallet
26097,955,2026-02-06,Received,High,In-App Wallet
26098,1418,2026-01-10,Received,High,In-App Wallet
26099,1722,2026-01-29,Received,High,In-App Wallet
26100,596,2026-01-28,Received,High,In-App Wallet
26101,1893,2026-02-13,Received,High,In-App Wallet
26102,1580,2026-01-09,Received,High,In-App Wallet
26103,1064,2026-02-03,Received,High,In-App Wallet
26104,865,2026-02-12,Received,High,In-App Wallet
26105,1176,2026-02-06,Received,High,In-App Wallet
26106,819,2026-01-11,Received,High,In-App Wallet
26107,866,2026-02-07,Received,High,In-App Wallet
26108,265,2026-01-18,Received,High,In-App Wallet
26109,377,2026-01-28,Received,High,In-App Wallet
26110,1178,2026-02-13,Received,High,In-App Wallet
26111,720,2026-01-07,Received,High,In-App Wallet
26112,1642,2026-01-07,Received,High,In-App Wallet
26113,150,2026-01-09,Received,High,In-App Wallet
26114,1617,2026-01-17,Received,High,In-App Wallet
26115,1788,2026-01-26,Received,High,In-App Wallet
26116,981,2026-01-29,Received,High,In-App Wallet
26117,135,2026-01-21,Received,High,In-App Wallet
26118,1840,2026-02-17,Received,High,In-App Wallet
26119,1945,2026-02-14,Received,High,In-App Wallet
26120,1496,2026-01-19,Received,High,In-App Wallet
26121,1032,2026-02-05,Received,High,In-App Wallet
26122,425,2026-01-19,Received,High,In-App Wallet
26123,387,2026-02-16,Received,High,In-App Wallet
26124,1079,2026-01-15,Received,High,In-App Wallet
26125,1456,2026-01-09,Received,High,In-App Wallet
26126,1399,2026-01-26,Received,High,In-App Wallet
26127,709,2026-02-03,Received,High,In-App Wallet
26128,405,2026-02-17,Received,High,In-App Wallet
26129,1556,2026-01-06,Received,High,In-App Wallet
26130,1804,2026-01-28,Received,High,In-App Wallet
26131,348,2026-02-17,Received,High,In-App Wallet
26132,1507,2026-02-12,Received,High,In-App Wallet
26133,1787,2026-01-12,Received,High,In-App Wallet
26134,462,2026-02-13,Received,High,In-App Wallet
26135,1954,2026-01-18,Received,High,In-App Wallet
26136,786,2026-02-07,Received,High,In-App Wallet
26137,441,2026-02-04,Received,High,In-App Wallet
26138,140,2026-01-24,Received,High,In-App Wallet
26139,1537,2026-02-02,Received,High,In-App Wallet
26140,1559,2026-01-11,Received,High,In-App Wallet
26141,977,2026-01-28,Received,High,In-App Wallet
26142,1481,2026-01-27,Received,High,In-App Wallet
26143,1050,2026-02-07,Received,High,In-App Wallet
26144,8,2026-01-09,Received,High,In-App Wallet
26145,1441,2026-01-15,Received,High,In-App Wallet
26146,1133,2026-01-30,Received,High,In-App Wallet
26147,885,2026-01-10,Received,High,In-App Wallet
26148,519,2026-01-25,Received,High,In-App Wallet
26149,1138,2026-01-25,Received,High,In-App Wallet
26150,281,2026-02-17,Received,High,In-App Wallet
26151,1819,2026-01-29,Received,High,In-App Wallet
26152,1144,2026-02-03,Received,High,In-App Wallet
26153,1428,2026-01-26,Received,High,In-App Wallet
26154,710,2026-01-09,Received,High,In-App Wallet
26155,183,2026-01-30,Received,High,In-App Wallet
26156,808,2026-01-11,Received,High,In-App Wallet
26157,1810,2026-01-06,Received,High,In-App Wallet
26158,1739,2026-02-11,Received,High,In-App Wallet
26159,602,2026-01-19,Received,High,In-App Wallet
26160,291,2026-02-05,Received,High,In-App Wallet
26161,798,2026-02-20,Received,High,In-App Wallet
26162,582,2026-01-11,Received,High,In-App Wallet
26163,1452,2026-01-29,Received,High,In-App Wallet
26164,914,2026-01-13,Received,High,In-App Wallet
26165,1435,2026-02-13,Received,High,In-App Wallet
26166,113,2026-01-09,Received,High,In-App Wallet
26167,1360,2026-01-21,Received,High,In-App Wallet
26168,1165,2026-01-09,Received,High,In-App Wallet
26169,1373,2026-01-26,Received,High,In-App Wallet
26170,1315,2026-01-06,Received,High,In-App Wallet
26171,26,2026-02-04,Received,High,In-App Wallet
26172,393,2026-01-07,Received,High,In-App Wallet
26173,437,2026-01-15,Received,High,In-App Wallet
26174,1672,2026-01-14,Received,High,In-App Wallet
26175,1882,2026-01-23,Received,High,In-App Wallet
26176,1346,2026-01-13,Received,High,In-App Wallet
26177,515,2026-02-04,Received,High,In-App Wallet
26178,302,2026-01-19,Received,High,In-App Wallet
26179,1839,2026-02-15,Received,High,In-App Wallet
26180,187,2026-02-06,Received,High,In-App Wallet
26181,303,2026-02-01,Received,High,In-App Wallet
26182,173,2026-01-12,Received,High,In-App Wallet
26183,518,2026-01-16,Received,High,In-App Wallet
26184,1610,2026-01-15,Received,High,In-App Wallet
26185,1863,2026-01-13,Received,High,In-App Wallet
26186,225,2026-02-07,Received,High,In-App Wallet
26187,1085,2026-02-10,Received,High,In-App Wallet
26188,1640,2026-01-31,Received,High,In-App Wallet
26189,1659,2026-02-13,Received,High,In-App Wallet
26190,1622,2026-02-02,Received,High,In-App Wallet
26191,486,2026-02-04,Received,High,In-App Wallet
26192,250,2026-01-14,Received,High,In-App Wallet
26193,10,2026-01-07,Received,High,In-App Wallet
26194,256,2026-02-09,Received,High,In-App Wallet
26195,114,2026-01-27,Received,High,In-App Wallet
26196,1432,2026-01-22,Received,High,In-App Wallet
26197,1888,2026-02-10,Received,High,In-App Wallet
26198,1928,2026-01-29,Received,High,In-App Wallet
26199,833,2026-01-31,Received,High,In-App Wallet
26200,1334,2026-01-16,Received,High,In-App Wallet
26201,1383,2026-01-23,Received,High,In-App Wallet
26202,830,2026-01-20,Received,High,In-App Wallet
26203,31,2026-02-07,Received,High,In-App Wallet
26204,1277,2026-01-20,Received,High,In-App Wallet
26205,1489,2026-02-20,Received,High,In-App Wallet
26206,706,2026-02-12,Received,High,In-App Wallet
26207,1024,2026-01-06,Received,High,In-App Wallet
26208,351,2026-01-14,Received,High,In-App Wallet
26209,1322,2026-02-01,Received,High,In-App Wallet
26210,1099,2026-01-21,Received,High,In-App Wallet
26211,862,2026-01-10,Received,High,In-App Wallet
26212,1179,2026-01-12,Received,High,In-App Wallet
26213,166,2026-02-11,Received,High,In-App Wallet
26214,227,2026-01-15,Received,High,In-App Wallet
26215,237,2026-01-26,Received,High,In-App Wallet
26216,189,2026-01-24,Received,High,In-App Wallet
26217,1154,2026-01-20,Received,High,In-App Wallet
26218,1167,2026-02-01,Received,High,In-App Wallet
26219,1187,2026-02-09,Received,High,In-App Wallet
26220,418,2026-01-24,Received,High,In-App Wallet
26221,1125,2026-02-01,Received,High,In-App Wallet
26222,820,2026-01-28,Received,High,In-App Wallet
26223,1894,2026-01-23,Received,High,In-App Wallet
26224,1444,2026-01-08,Received,High,In-App Wallet
26225,1294,2026-02-07,Received,High,In-App Wallet
26226,1719,2026-02-15,Received,High,In-App Wallet
26227,1425,2026-01-15,Received,High,In-App Wallet
26228,858,2026-02-08,Received,High,In-App Wallet
26229,1369,2026-02-07,Received,High,In-App Wallet
26230,91,2026-01-29,Received,High,In-App Wallet
26231,370,2026-01-16,Received,High,In-App Wallet
26232,800,2026-02-01,Received,High,In-App Wallet
26233,719,2026-01-26,Received,High,In-App Wallet
26234,824,2026-01-30,Received,High,In-App Wallet
26235,1342,2026-01-13,Received,High,In-App Wallet
26236,100,2026-02-04,Received,High,In-App Wallet
26237,277,2026-01-30,Received,High,In-App Wallet
26238,641,2026-02-06,Received,High,In-App Wallet
26239,738,2026-02-07,Received,High,In-App Wallet
26240,608,2026-01-24,Received,High,In-App Wallet
26241,325,2026-02-02,Received,High,In-App Wallet
26242,358,2026-01-28,Received,High,In-App Wallet
26243,399,2026-01-19,Received,High,In-App Wallet
26244,629,2026-02-10,Received,High,In-App Wallet
26245,276,2026-01-31,Received,High,In-App Wallet
26246,1777,2026-02-05,Received,High,In-App Wallet
26247,413,2026-02-09,Received,High,In-App Wallet
26248,432,2026-01-17,Received,High,In-App Wallet
26249,1982,2026-02-17,Received,High,In-App Wallet
26250,597,2026-01-20,Received,High,In-App Wallet
26251,1912,2026-01-22,Received,High,In-App Wallet
26252,667,2026-01-08,Received,High,In-App Wallet
26253,657,2026-02-07,Received,High,In-App Wallet
26254,611,2026-01-18,Received,High,In-App Wallet
26255,487,2026-01-25,Received,High,In-App Wallet
26256,1570,2026-01-30,Received,High,In-App Wallet
26257,1108,2026-01-17,Received,High,In-App Wallet
26258,908,2026-02-06,Received,High,In-App Wallet
26259,804,2026-02-17,Received,High,In-App Wallet
26260,905,2026-02-12,Received,High,In-App Wallet
26261,643,2026-01-13,Received,High,In-App Wallet
26262,1019,2026-02-08,Received,High,In-App Wallet
26263,1305,2026-02-07,Received,High,In-App Wallet
26264,1677,2026-01-22,Received,High,In-App Wallet
26265,212,2026-01-24,Received,High,In-App Wallet
26266,438,2026-01-21,Received,High,In-App Wallet
26267,1978,2026-01-14,Received,High,In-App Wallet
26268,1199,2026-01-25,Received,High,In-App Wallet
26269,744,2026-02-10,Received,High,In-App Wallet
26270,465,2026-01-23,Received,High,In-App Wallet
26271,93,2026-01-06,Received,High,In-App Wallet
26272,945,2026-01-30,Received,High,In-App Wallet
26273,1615,2026-02-02,Received,High,In-App Wallet
26274,1477,2026-02-20,Received,High,In-App Wallet
26275,243,2026-02-16,Received,High,In-App Wallet
26276,200,2026-02-14,Received,High,In-App Wallet
26277,968,2026-02-18,Received,High,In-App Wallet
26278,359,2026-02-16,Received,High,In-App Wallet
26279,679,2026-02-02,Received,High,In-App Wallet
26280,1833,2026-01-22,Received,High,In-App Wallet
26281,1321,2026-02-08,Received,High,In-App Wallet
26282,1733,2026-01-11,Received,High,In-App Wallet
26283,429,2026-01-29,Received,High,In-App Wallet
26284,1340,2026-02-12,Received,High,In-App Wallet
26285,640,2026-02-14,Received,High,In-App Wallet
26286,190,2026-02-04,Received,High,In-App Wallet
26287,145,2026-02-07,Received,High,In-App Wallet
26288,1805,2026-02-16,Received,High,In-App Wallet
26289,603,2026-01-09,Received,High,In-App Wallet
26290,202,2026-01-29,Received,High,In-App Wallet
26291,1252,2026-01-24,Received,High,In-App Wallet
26292,783,2026-02-05,Received,High,In-App Wallet
26293,994,2026-01-17,Received,High,In-App Wallet
26294,1918,2026-01-29,Received,High,In-App Wallet
26295,170,2026-01-07,Received,High,In-App Wallet
26296,1784,2026-01-14,Received,High,In-App Wallet
26297,882,2026-02-05,Received,High,In-App Wallet
26298,474,2026-02-10,Received,High,In-App Wallet
26299,1923,2026-01-21,Received,High,In-App Wallet
26300,36,2026-01-12,Received,High,In-App Wallet
26301,216,2026-01-20,Received,High,In-App Wallet
26302,701,2026-01-17,Received,High,In-App Wallet
26303,1100,2026-02-03,Received,High,In-App Wallet
26304,248,2026-01-30,Received,High,In-App Wallet
26305,1171,2026-02-17,Received,High,In-App Wallet
26306,1115,2026-01-22,Received,High,In-App Wallet
26307,1190,2026-01-22,Received,High,In-App Wallet
26308,355,2026-02-17,Received,High,In-App Wallet
26309,417,2026-02-04,Received,High,In-App Wallet
26310,1638,2026-01-19,Received,High,In-App Wallet
26311,1182,2026-01-23,Received,High,In-App Wallet
26312,1194,2026-01-18,Received,High,In-App Wallet
26313,1118,2026-01-11,Received,High,In-App Wallet
26314,878,2026-02-05,Received,High,In-App Wallet
26315,1029,2026-01-16,Received,High,In-App Wallet
26316,1746,2026-01-14,Received,High,In-App Wallet
26317,6,2026-02-03,Received,High,In-App Wallet
26318,817,2026-01-16,Received,High,In-App Wallet
26319,758,2026-02-09,Received,High,In-App Wallet
26320,1052,2026-02-20,Received,High,In-App Wallet
26321,1120,2026-02-08,Received,High,In-App Wallet
26322,1635,2026-01-29,Received,High,In-App Wallet
26323,1980,2026-01-06,Received,High,In-App Wallet
26324,1705,2026-01-23,Received,High,In-App Wallet
26325,773,2026-01-14,Received,High,In-App Wallet
26326,1225,2026-02-01,Received,High,In-App Wallet
26327,1447,2026-02-07,Received,High,In-App Wallet
26328,366,2026-02-03,Received,High,In-App Wallet
26329,214,2026-02-15,Received,High,In-App Wallet
26330,1919,2026-01-23,Received,High,In-App Wallet
26331,1326,2026-01-08,Received,High,In-App Wallet
26332,1600,2026-01-13,Received,High,In-App Wallet
26333,1374,2026-02-09,Received,High,In-App Wallet
26334,330,2026-02-17,Received,High,In-App Wallet
26335,825,2026-02-18,Received,High,In-App Wallet
26336,1240,2026-01-19,Received,High,In-App Wallet
26337,1251,2026-01-09,Received,High,In-App Wallet
26338,163,2026-01-19,Received,High,In-App Wallet
26339,401,2026-01-22,Received,High,In-App Wallet
26340,777,2026-01-24,Received,High,In-App Wallet
26341,529,2026-02-01,Received,High,In-App Wallet
26342,577,2026-02-14,Received,High,In-App Wallet
26343,707,2026-02-19,Received,High,In-App Wallet
26344,685,2026-01-17,Received,High,In-App Wallet
26345,604,2026-02-17,Received,High,In-App Wallet
26346,457,2026-02-09,Received,High,In-App Wallet
26347,1832,2026-01-11,Received,High,In-App Wallet
26348,1175,2026-02-08,Received,High,In-App Wallet
26349,1003,2026-01-25,Received,High,In-App Wallet
26350,1211,2026-01-16,Received,High,In-App Wallet
26351,1279,2026-01-26,Received,High,In-App Wallet
26352,1446,2026-01-22,Received,High,In-App Wallet
26353,1051,2026-02-17,Received,High,In-App Wallet
26354,148,2026-01-31,Received,High,In-App Wallet
26355,676,2026-02-17,Received,High,In-App Wallet
26356,1658,2026-02-19,Received,High,In-App Wallet
26357,1920,2026-01-19,Received,High,In-App Wallet
26358,1676,2026-01-27,Received,High,In-App Wallet
26359,1320,2026-01-12,Received,High,In-App Wallet
26360,371,2026-01-23,Received,High,In-App Wallet
26361,1510,2026-02-13,Received,High,In-App Wallet
26362,838,2026-02-20,Received,High,In-App Wallet
26363,661,2026-02-13,Received,High,In-App Wallet
26364,471,2026-01-17,Received,High,In-App Wallet
26365,16,2026-01-23,Received,High,In-App Wallet
26366,1702,2026-02-15,Received,High,In-App Wallet
26367,952,2026-01-25,Received,High,In-App Wallet
26368,547,2026-02-09,Received,High,In-App Wallet
26369,1174,2026-02-20,Received,High,In-App Wallet
26370,1227,2026-01-09,Received,High,In-App Wallet
26371,1453,2026-01-21,Received,High,In-App Wallet
26372,1353,2026-01-10,Received,High,In-App Wallet
26373,836,2026-01-10,Received,High,In-App Wallet
26374,765,2026-01-13,Received,High,In-App Wallet
26375,792,2026-02-17,Received,High,In-App Wallet
26376,1088,2026-01-10,Received,High,In-App Wallet
26377,1763,2026-01-27,Received,High,In-App Wallet
26378,125,2026-02-12,Received,High,In-App Wallet
26379,1937,2026-01-18,Received,High,In-App Wallet
26380,116,2026-02-05,Received,High,In-App Wallet
26381,464,2026-01-24,Received,High,In-App Wallet
26382,664,2026-02-01,Received,High,In-App Wallet
26383,656,2026-02-16,Received,High,In-App Wallet
26384,1817,2026-01-11,Received,High,In-App Wallet
26385,776,2026-02-14,Received,High,In-App Wallet
26386,686,2026-01-29,Received,High,In-App Wallet
26387,839,2026-02-20,Received,High,In-App Wallet
26388,678,2026-02-05,Received,High,In-App Wallet
26389,1234,2026-02-20,Received,High,In-App Wallet
26390,1781,2026-01-14,Received,High,In-App Wallet
26391,554,2026-01-10,Received,High,In-App Wallet
26392,811,2026-01-08,Received,High,In-App Wallet
26393,1372,2026-01-22,Received,High,In-App Wallet
26394,749,2026-01-07,Received,High,In-App Wallet
26395,1520,2026-01-26,Received,High,In-App Wallet
26396,1774,2026-02-10,Received,High,In-App Wallet
26397,1749,2026-01-11,Received,High,In-App Wallet
26398,644,2026-01-18,Received,High,In-App Wallet
26399,939,2026-02-10,Received,High,In-App Wallet
26400,583,2026-02-19,Received,High,In-App Wallet
26401,273,2026-01-28,Received,High,In-App Wallet
26402,1518,2026-01-08,Received,High,In-App Wallet
26403,1482,2026-02-06,Received,High,In-App Wallet
26404,886,2026-01-24,Received,High,In-App Wallet
26405,1046,2026-01-30,Received,High,In-App Wallet
26406,392,2026-02-15,Received,High,In-App Wallet
26407,1407,2026-01-29,Received,High,In-App Wallet
26408,155,2026-02-10,Received,High,In-App Wallet
26409,587,2026-02-02,Received,High,In-App Wallet
26410,1665,2026-01-14,Received,High,In-App Wallet
26411,1303,2026-02-07,Received,High,In-App Wallet
26412,512,2026-01-17,Received,High,In-App Wallet
26413,1759,2026-01-08,Received,High,In-App Wallet
26414,757,2026-02-13,Received,High,In-App Wallet
26415,648,2026-02-02,Received,High,In-App Wallet
26416,1063,2026-02-01,Received,High,In-App Wallet
26417,1494,2026-02-08,Received,High,In-App Wallet
26418,680,2026-02-02,Received,High,In-App Wallet
26419,235,2026-01-29,Received,High,In-App Wallet
26420,1611,2026-01-30,Received,High,In-App Wallet
26421,1461,2026-01-12,Received,High,In-App Wallet
26422,677,2026-01-09,Received,High,In-App Wallet
26423,1938,2026-02-18,Received,High,In-App Wallet
26424,1101,2026-01-26,Received,High,In-App Wallet
26425,1455,2026-02-16,Received,High,In-App Wallet
26426,182,2026-02-01,Received,High,In-App Wallet
26427,871,2026-01-07,Received,High,In-App Wallet
26428,312,2026-01-14,Received,High,In-App Wallet
26429,115,2026-01-18,Received,High,In-App Wallet
26430,1795,2026-02-12,Received,High,In-App Wallet
26431,1354,2026-01-29,Received,High,In-App Wallet
26432,296,2026-01-08,Received,High,In-App Wallet
26433,361,2026-02-01,Received,High,In-App Wallet
26434,2,2026-02-19,Received,High,In-App Wallet
26435,1267,2026-01-18,Received,High,In-App Wallet
26436,510,2026-01-14,Received,High,In-App Wallet
26437,323,2026-02-19,Received,High,In-App Wallet
26438,1463,2026-01-28,Received,High,In-App Wallet
26439,1818,2026-01-30,Received,High,In-App Wallet
26440,1073,2026-01-29,Received,High,In-App Wallet
26441,1273,2026-01-24,Received,High,In-App Wallet
26442,990,2026-01-29,Received,High,In-App Wallet
26443,376,2026-02-15,Received,High,In-App Wallet
26444,1858,2026-01-24,Received,High,In-App Wallet
26445,1188,2026-02-03,Received,High,In-App Wallet
26446,1590,2026-01-11,Received,High,In-App Wallet
26447,1430,2026-02-16,Received,High,In-App Wallet
26448,959,2026-02-04,Received,High,In-App Wallet
26449,614,2026-02-10,Received,High,In-App Wallet
26450,1220,2026-01-25,Received,High,In-App Wallet
26451,1720,2026-02-20,Received,High,In-App Wallet
26452,874,2026-01-19,Received,High,In-App Wallet
26453,147,2026-01-09,Received,High,In-App Wallet
26454,478,2026-02-18,Received,High,In-App Wallet
26455,305,2026-02-15,Received,High,In-App Wallet
26456,35,2026-01-18,Received,High,In-App Wallet
26457,925,2026-01-12,Received,High,In-App Wallet
26458,1192,2026-01-17,Received,High,In-App Wallet
26459,138,2026-01-17,Received,High,In-App Wallet
26460,1395,2026-02-11,Received,High,In-App Wallet
26461,1605,2026-02-16,Received,High,In-App Wallet
26462,1449,2026-02-03,Received,High,In-App Wallet
26463,486,2026-02-20,Received,High,BNPL
26464,351,2026-02-20,Received,High,BNPL
26465,1642,2026-02-20,Received,High,BNPL
26466,116,2026-02-20,Received,High,BNPL
26467,1489,2026-02-20,Received,High,BNPL
26468,1580,2026-02-20,Received,High,BNPL
26469,1733,2026-02-20,Received,High,BNPL
26470,1810,2026-02-20,Received,High,BNPL
26471,273,2026-02-20,Received,High,BNPL
26472,765,2026-02-20,Received,High,BNPL
26473,1277,2026-02-20,Received,High,BNPL
26474,839,2026-02-20,Received,High,BNPL
26475,190,2026-02-20,Received,High,BNPL
26476,959,2026-02-20,Received,High,BNPL
26477,758,2026-02-20,Received,High,BNPL
26478,1108,2026-02-20,Received,High,BNPL
26479,858,2026-02-20,Received,High,BNPL
26480,819,2026-02-20,Received,High,BNPL
26481,874,2026-02-20,Received,High,BNPL
26482,554,2026-02-20,Received,High,BNPL
26483,817,2026-02-20,Received,High,BNPL
26484,386,2026-02-20,Received,High,BNPL
26485,1840,2026-02-20,Received,High,BNPL
26486,1805,2026-02-20,Received,High,BNPL
26487,1187,2026-02-20,Received,High,BNPL
26488,877,2026-02-20,Received,High,BNPL
26489,462,2026-02-20,Received,High,BNPL
26490,1494,2026-02-20,Received,High,BNPL
26491,1615,2026-02-20,Received,High,BNPL
26492,1702,2026-02-20,Received,High,BNPL
26493,1003,2026-02-20,Received,High,BNPL
26494,1759,2026-02-20,Received,High,BNPL
26495,437,2026-02-20,Received,High,BNPL
26496,836,2026-02-20,Received,High,BNPL
26497,1795,2026-02-20,Received,High,BNPL
26498,1719,2026-02-20,Received,High,BNPL
26499,135,2026-02-20,Received,High,BNPL
26500,1599,2026-02-20,Received,High,BNPL
26501,417,2026-02-20,Received,High,BNPL
26502,1894,2026-02-20,Received,High,BNPL
26503,1273,2026-02-20,Received,High,BNPL
26504,1373,2026-02-20,Received,High,BNPL
26505,1175,2026-02-20,Received,High,BNPL
26506,641,2026-02-20,Received,High,BNPL
26507,707,2026-02-20,Received,High,BNPL
26508,529,2026-02-20,Received,High,BNPL
26509,1064,2026-02-20,Received,High,BNPL
26510,1626,2026-02-20,Received,High,BNPL
26511,227,2026-02-20,Received,High,BNPL
26512,838,2026-02-20,Received,High,BNPL
26513,775,2026-02-20,Received,High,BNPL
26514,1235,2026-02-20,Received,High,BNPL
26515,478,2026-02-20,Received,High,BNPL
26516,173,2026-02-20,Received,High,BNPL
26517,1781,2026-02-20,Received,High,BNPL
26518,577,2026-02-20,Received,High,BNPL
26519,1171,2026-02-20,Received,High,BNPL
26520,1252,2026-02-20,Received,High,BNPL
26521,1833,2026-02-20,Received,High,BNPL
26522,189,2026-02-20,Received,High,BNPL
26523,1928,2026-02-20,Received,High,BNPL
26524,1085,2026-02-20,Received,High,BNPL
26525,1138,2026-02-20,Received,High,BNPL
26526,161,2026-02-20,Received,High,BNPL
26527,1353,2026-02-20,Received,High,BNPL
26528,125,2026-02-20,Received,High,BNPL
26529,113,2026-02-20,Received,High,BNPL
26530,1407,2026-02-20,Received,High,BNPL
26531,1722,2026-02-20,Received,High,BNPL
26532,1057,2026-02-20,Received,High,BNPL
26533,1046,2026-02-20,Received,High,BNPL
26534,1372,2026-02-20,Received,High,BNPL
26535,1322,2026-02-20,Received,High,BNPL
26536,587,2026-02-20,Received,High,BNPL
26537,1444,2026-02-20,Received,High,BNPL
26538,291,2026-02-20,Received,High,BNPL
26539,1938,2026-02-20,Received,High,BNPL
26540,710,2026-02-20,Received,High,BNPL
26541,187,2026-02-20,Received,High,BNPL
26542,914,2026-02-20,Received,High,BNPL
26543,644,2026-02-20,Received,High,BNPL
26544,1510,2026-02-20,Received,High,BNPL
26545,602,2026-02-20,Received,High,BNPL
26546,1192,2026-02-20,Received,High,BNPL
26547,824,2026-02-20,Received,High,BNPL
26548,1088,2026-02-20,Received,High,BNPL
26549,1978,2026-02-20,Received,High,BNPL
26550,1749,2026-02-20,Received,High,BNPL
26551,1194,2026-02-20,Received,High,BNPL
26552,800,2026-02-20,Received,High,BNPL
26553,1024,2026-02-20,Received,High,BNPL
26554,1705,2026-02-20,Received,High,BNPL
26555,1100,2026-02-20,Received,High,BNPL
26556,1463,2026-02-20,Received,High,BNPL
26557,677,2026-02-20,Received,High,BNPL
26558,1165,2026-02-20,Received,High,BNPL
26559,1032,2026-02-20,Received,High,BNPL
26560,366,2026-02-20,Received,High,BNPL
26561,1954,2026-02-20,Received,High,BNPL
26562,1461,2026-02-20,Received,High,BNPL
26563,91,2026-02-20,Received,High,BNPL
26564,604,2026-02-20,Received,High,BNPL
26565,1614,2026-02-20,Received,High,BNPL
26566,786,2026-02-20,Received,High,BNPL
26567,1429,2026-02-20,Received,High,BNPL
26568,305,2026-02-20,Received,High,BNPL
26569,546,2026-02-20,Received,High,BNPL
26570,1455,2026-02-20,Received,High,BNPL
26571,686,2026-02-20,Received,High,BNPL
26572,1945,2026-02-20,Received,High,BNPL
26573,361,2026-02-20,Received,High,BNPL
26574,1658,2026-02-20,Received,High,BNPL
26575,1518,2026-02-20,Received,High,BNPL
26576,1622,2026-02-20,Received,High,BNPL
26577,303,2026-02-20,Received,High,BNPL
26578,10,2026-02-20,Received,High,BNPL
26579,35,2026-02-20,Received,High,BNPL
26580,1617,2026-02-20,Received,High,BNPL
26581,1819,2026-02-20,Received,High,BNPL
26582,1787,2026-02-20,Received,High,BNPL
26583,643,2026-02-20,Received,High,BNPL
26584,804,2026-02-20,Received,High,BNPL
26585,6,2026-02-20,Received,High,BNPL
26586,749,2026-02-20,Received,High,BNPL
26587,866,2026-02-20,Received,High,BNPL
26588,1118,2026-02-20,Received,High,BNPL
26589,1115,2026-02-20,Received,High,BNPL
26590,1611,2026-02-20,Received,High,BNPL
26591,93,2026-02-20,Received,High,BNPL
26592,241,2026-02-20,Received,High,BNPL
26593,31,2026-02-20,Received,High,BNPL
26594,776,2026-02-20,Received,High,BNPL
26595,1746,2026-02-20,Received,High,BNPL
26596,1199,2026-02-20,Received,High,BNPL
26597,1383,2026-02-20,Received,High,BNPL
26598,596,2026-02-20,Received,High,BNPL
26599,1369,2026-02-20,Received,High,BNPL
26600,1432,2026-02-20,Received,High,BNPL
26601,512,2026-02-20,Received,High,BNPL
26602,661,2026-02-20,Received,High,BNPL
26603,1882,2026-02-20,Received,High,BNPL
26604,155,2026-02-20,Received,High,BNPL
26605,1919,2026-02-20,Received,High,BNPL
26606,487,2026-02-20,Received,High,BNPL
26607,1286,2026-02-20,Received,High,BNPL
26608,2,2026-02-20,Received,High,BNPL
26609,640,2026-02-20,Received,High,BNPL
26610,1982,2026-02-20,Received,High,BNPL
26611,1374,2026-02-20,Received,High,BNPL
26612,1190,2026-02-20,Received,High,BNPL
26613,1452,2026-02-20,Received,High,BNPL
26614,441,2026-02-20,Received,High,BNPL
26615,243,2026-02-20,Received,High,BNPL
26616,166,2026-02-20,Received,High,BNPL
26617,344,2026-02-20,Received,High,BNPL
26618,1920,2026-02-20,Received,High,BNPL
26619,1321,2026-02-20,Received,High,BNPL
26620,1264,2026-02-20,Received,High,BNPL
26621,142,2026-02-20,Received,High,BNPL
26622,1178,2026-02-20,Received,High,BNPL
26623,1818,2026-02-20,Received,High,BNPL
26624,355,2026-02-20,Received,High,BNPL
26625,1279,2026-02-20,Received,High,BNPL
26626,603,2026-02-20,Received,High,BNPL
26627,808,2026-02-20,Received,High,BNPL
26628,792,2026-02-20,Received,High,BNPL
26629,1006,2026-02-20,Received,High,BNPL
26630,757,2026-02-20,Received,High,BNPL
26631,359,2026-02-20,Received,High,BNPL
26632,1600,2026-02-20,Received,High,BNPL
26633,597,2026-02-20,Received,High,BNPL
26634,193,2026-02-20,Received,High,BNPL
26635,1449,2026-02-20,Received,High,BNPL
26636,777,2026-02-20,Received,High,BNPL
26637,1154,2026-02-20,Received,High,BNPL
26638,1360,2026-02-20,Received,High,BNPL
26639,377,2026-02-20,Received,High,BNPL
26640,952,2026-02-20,Received,High,BNPL
26641,1888,2026-02-20,Received,High,BNPL
26642,1435,2026-02-20,Received,High,BNPL
26643,994,2026-02-20,Received,High,BNPL
26644,1399,2026-02-20,Received,High,BNPL
26645,1099,2026-02-20,Received,High,BNPL
26646,432,2026-02-20,Received,High,BNPL
26647,250,2026-02-20,Received,High,BNPL
26648,611,2026-02-20,Received,High,BNPL
26649,1635,2026-02-20,Received,High,BNPL
26650,709,2026-02-20,Received,High,BNPL
26651,1763,2026-02-20,Received,High,BNPL
26652,886,2026-02-20,Received,High,BNPL
26653,865,2026-02-20,Received,High,BNPL
26654,182,2026-02-20,Received,High,BNPL
26655,1893,2026-02-20,Received,High,BNPL
26656,977,2026-02-20,Received,High,BNPL
26657,1507,2026-02-20,Received,High,BNPL
26658,1937,2026-02-20,Received,High,BNPL
26659,1111,2026-02-20,Received,High,BNPL
26660,1251,2026-02-20,Received,High,BNPL
26661,145,2026-02-20,Received,High,BNPL
26662,811,2026-02-20,Received,High,BNPL
26663,8,2026-02-20,Received,High,BNPL
26664,667,2026-02-20,Received,High,BNPL
26665,908,2026-02-20,Received,High,BNPL
26666,1556,2026-02-20,Received,High,BNPL
26667,370,2026-02-20,Received,High,BNPL
26668,1315,2026-02-20,Received,High,BNPL
26669,773,2026-02-20,Received,High,BNPL
26670,1817,2026-02-20,Received,High,BNPL
26671,1453,2026-02-20,Received,High,BNPL
26672,1395,2026-02-20,Received,High,BNPL
26673,701,2026-02-20,Received,High,BNPL
26674,438,2026-02-20,Received,High,BNPL
26675,1804,2026-02-20,Received,High,BNPL
26676,738,2026-02-20,Received,High,BNPL
26677,1050,2026-02-20,Received,High,BNPL
26678,582,2026-02-20,Received,High,BNPL
26679,1234,2026-02-20,Received,High,BNPL
26680,1676,2026-02-20,Received,High,BNPL
26681,405,2026-02-20,Received,High,BNPL
26682,1610,2026-02-20,Received,High,BNPL
26683,170,2026-02-20,Received,High,BNPL
26684,1788,2026-02-20,Received,High,BNPL
26685,1174,2026-02-20,Received,High,BNPL
26686,330,2026-02-20,Received,High,BNPL
26687,276,2026-02-20,Received,High,BNPL
26688,237,2026-02-20,Received,High,BNPL
26689,1063,2026-02-20,Received,High,BNPL
26690,1220,2026-02-20,Received,High,BNPL
26691,878,2026-02-20,Received,High,BNPL
26692,323,2026-02-20,Received,High,BNPL
26693,679,2026-02-20,Received,High,BNPL
26694,348,2026-02-20,Received,High,BNPL
26695,115,2026-02-20,Received,High,BNPL
26696,1912,2026-02-20,Received,High,BNPL
26697,114,2026-02-20,Received,High,BNPL
26698,399,2026-02-20,Received,High,BNPL
26699,680,2026-02-20,Received,High,BNPL
26700,547,2026-02-20,Received,High,BNPL
26701,1052,2026-02-20,Received,High,BNPL
26702,1376,2026-02-20,Received,High,BNPL
26703,518,2026-02-20,Received,High,BNPL
26704,583,2026-02-20,Received,High,BNPL
26705,1167,2026-02-20,Received,High,BNPL
26706,452,2026-02-20,Received,High,BNPL
26707,798,2026-02-20,Received,High,BNPL
26708,830,2026-02-20,Received,High,BNPL
26709,1482,2026-02-20,Received,High,BNPL
26710,200,2026-02-20,Received,High,BNPL
26711,744,2026-02-20,Received,High,BNPL
26712,1079,2026-02-20,Received,High,BNPL
26713,567,2026-02-20,Received,High,BNPL
26714,44,2026-02-20,Received,High,BNPL
26715,1144,2026-02-20,Received,High,BNPL
26716,1340,2026-02-20,Received,High,BNPL
26717,401,2026-02-20,Received,High,BNPL
26718,235,2026-02-20,Received,High,BNPL
26719,1456,2026-02-20,Received,High,BNPL
26720,1585,2026-02-20,Received,High,BNPL
26721,1623,2026-02-20,Received,High,BNPL
26722,1447,2026-02-20,Received,High,BNPL
26723,376,2026-02-20,Received,High,BNPL
26724,676,2026-02-20,Received,High,BNPL
26725,147,2026-02-20,Received,High,BNPL
26726,990,2026-02-20,Received,High,BNPL
26727,214,2026-02-20,Received,High,BNPL
26728,202,2026-02-20,Received,High,BNPL
26729,1481,2026-02-20,Received,High,BNPL
26730,9,2026-02-20,Received,High,BNPL
26731,685,2026-02-20,Received,High,BNPL
26732,1948,2026-02-20,Received,High,BNPL
26733,905,2026-02-20,Received,High,BNPL
26734,664,2026-02-20,Received,High,BNPL
26735,358,2026-02-20,Received,High,BNPL
26736,1425,2026-02-20,Received,High,BNPL
26737,26,2026-02-20,Received,High,BNPL
26738,457,2026-02-20,Received,High,BNPL
26739,678,2026-02-20,Received,High,BNPL
26740,945,2026-02-20,Received,High,BNPL
26741,281,2026-02-20,Received,High,BNPL
26742,1440,2026-02-20,Received,High,BNPL
26743,510,2026-02-20,Received,High,BNPL
26744,1640,2026-02-20,Received,High,BNPL
26745,519,2026-02-20,Received,High,BNPL
26746,302,2026-02-20,Received,High,BNPL
26747,1520,2026-02-20,Received,High,BNPL
26748,409,2026-02-20,Received,High,BNPL
26749,1176,2026-02-20,Received,High,BNPL
26750,212,2026-02-20,Received,High,BNPL
26751,1796,2026-02-20,Received,High,BNPL
26752,1784,2026-02-20,Received,High,BNPL
26753,981,2026-02-20,Received,High,BNPL
26754,1334,2026-02-20,Received,High,BNPL
26755,1227,2026-02-20,Received,High,BNPL
26756,720,2026-02-20,Received,High,BNPL
26757,746,2026-02-20,Received,High,BNPL
26758,1923,2026-02-20,Received,High,BNPL
26759,1832,2026-02-20,Received,High,BNPL
26760,939,2026-02-20,Received,High,BNPL
26761,1029,2026-02-20,Received,High,BNPL
26762,1672,2026-02-20,Received,High,BNPL
26763,1605,2026-02-20,Received,High,BNPL
26764,515,2026-02-20,Received,High,BNPL
26765,1863,2026-02-20,Received,High,BNPL
26766,1346,2026-02-20,Received,High,BNPL
26767,296,2026-02-20,Received,High,BNPL
26768,820,2026-02-20,Received,High,BNPL
26769,1267,2026-02-20,Received,High,BNPL
26770,138,2026-02-20,Received,High,BNPL
26771,225,2026-02-20,Received,High,BNPL
26772,1211,2026-02-20,Received,High,BNPL
26773,418,2026-02-20,Received,High,BNPL
26774,1305,2026-02-20,Received,High,BNPL
26775,1774,2026-02-20,Received,High,BNPL
26776,706,2026-02-20,Received,High,BNPL
26777,1326,2026-02-20,Received,High,BNPL
26778,325,2026-02-20,Received,High,BNPL
26779,1496,2026-02-20,Received,High,BNPL
26780,1446,2026-02-20,Received,High,BNPL
26781,216,2026-02-20,Received,High,BNPL
26782,1638,2026-02-20,Received,High,BNPL
26783,1294,2026-02-20,Received,High,BNPL
26784,387,2026-02-20,Received,High,BNPL
26785,882,2026-02-20,Received,High,BNPL
26786,783,2026-02-20,Received,High,BNPL
26787,955,2026-02-20,Received,High,BNPL
26788,1430,2026-02-20,Received,High,BNPL
26789,1876,2026-02-20,Received,High,BNPL
26790,1720,2026-02-20,Received,High,BNPL
26791,1590,2026-02-20,Received,High,BNPL
26792,163,2026-02-20,Received,High,BNPL
26793,471,2026-02-20,Received,High,BNPL
26794,833,2026-02-20,Received,High,BNPL
26795,1051,2026-02-20,Received,High,BNPL
26796,36,2026-02-20,Received,High,BNPL
26797,1477,2026-02-20,Received,High,BNPL
26798,1739,2026-02-20,Received,High,BNPL
26799,393,2026-02-20,Received,High,BNPL
26800,1428,2026-02-20,Received,High,BNPL
26801,1303,2026-02-20,Received,High,BNPL
26802,464,2026-02-20,Received,High,BNPL
26803,312,2026-02-20,Received,High,BNPL
26804,862,2026-02-20,Received,High,BNPL
26805,277,2026-02-20,Received,High,BNPL
26806,1777,2026-02-20,Received,High,BNPL
26807,1980,2026-02-20,Received,High,BNPL
26808,1842,2026-02-20,Received,High,BNPL
26809,608,2026-02-20,Received,High,BNPL
26810,265,2026-02-20,Received,High,BNPL
26811,1839,2026-02-20,Received,High,BNPL
26812,1133,2026-02-20,Received,High,BNPL
26813,16,2026-02-20,Received,High,BNPL
26814,968,2026-02-20,Received,High,BNPL
26815,1677,2026-02-20,Received,High,BNPL
26816,1101,2026-02-20,Received,High,BNPL
26817,1441,2026-02-20,Received,High,BNPL
26818,871,2026-02-20,Received,High,BNPL
26819,1659,2026-02-20,Received,High,BNPL
26820,1418,2026-02-20,Received,High,BNPL
26821,881,2026-02-20,Received,High,BNPL
26822,371,2026-02-20,Received,High,BNPL
26823,1570,2026-02-20,Received,High,BNPL
26824,629,2026-02-20,Received,High,BNPL
26825,1073,2026-02-20,Received,High,BNPL
26826,1019,2026-02-20,Received,High,BNPL
26827,719,2026-02-20,Received,High,BNPL
26828,1559,2026-02-20,Received,High,BNPL
26829,413,2026-02-20,Received,High,BNPL
26830,1665,2026-02-20,Received,High,BNPL
26831,100,2026-02-20,Received,High,BNPL
26832,183,2026-02-20,Received,High,BNPL
26833,925,2026-02-20,Received,High,BNPL
26834,1240,2026-02-20,Received,High,BNPL
26835,1225,2026-02-20,Received,High,BNPL
26836,150,2026-02-20,Received,High,BNPL
26837,656,2026-02-20,Received,High,BNPL
26838,1342,2026-02-20,Received,High,BNPL
26839,140,2026-02-20,Received,High,BNPL
26840,248,2026-02-20,Received,High,BNPL
26841,1182,2026-02-20,Received,High,BNPL
26842,1918,2026-02-20,Received,High,BNPL
26843,614,2026-02-20,Received,High,BNPL
26844,1354,2026-02-20,Received,High,BNPL
26845,392,2026-02-20,Received,High,BNPL
26846,1120,2026-02-20,Received,High,BNPL
26847,429,2026-02-20,Received,High,BNPL
26848,1537,2026-02-20,Received,High,BNPL
26849,425,2026-02-20,Received,High,BNPL
26850,648,2026-02-20,Received,High,BNPL
26851,825,2026-02-20,Received,High,BNPL
26852,1188,2026-02-20,Received,High,BNPL
26853,657,2026-02-20,Received,High,BNPL
26854,474,2026-02-20,Received,High,BNPL
26855,1320,2026-02-20,Received,High,BNPL
26856,256,2026-02-20,Received,High,BNPL
26857,1125,2026-02-20,Received,High,BNPL
26858,885,2026-02-20,Received,High,BNPL
26859,465,2026-02-20,Received,High,BNPL
26860,1858,2026-02-20,Received,High,BNPL
26861,1179,2026-02-20,Received,High,BNPL
26862,264,2026-02-20,Received,High,BNPL
26863,1955,2026-02-20,Received,High,BNPL
26864,148,2026-02-20,Received,High,BNPL
